pH,Turbidity (NTU),Temperature (°C),DO (mg/L),BOD (mg/L),Lead (mg/L),Mercury (mg/L),Arsenic (mg/L),Actual_Pollution_Level,Predicted_Pollution_Level
6.100877500469062,13.691124775914064,29.18641656945219,4.457731336170167,5.401435604043549,0.0078488566153707,0.0018957710804561,0.0056189177831976,2,2
8.079058107304638,6.769166174333698,31.802161568784,3.912531072600237,8.396553904776123,0.0016623463822268,0.0003047205892679,0.0060939040621644,2,2
7.605641370512159,2.664462926430639,17.742969763054862,2.1611027915943186,4.465522501470655,0.0104844344185732,0.0008237651991557,0.0022752081414361,2,2
5.874432235894354,13.036197246144798,32.63381223687016,8.499790568353372,1.780359108360762,0.0034991927554935,0.0015431712275567,0.0147450357535133,2,2
7.727505873402729,2.6065022055484817,22.509378569330007,5.462171874734551,4.855166205119616,0.0145187023922604,0.0007346009031145,0.001052580282476,1,1
5.733282141962415,19.05288130205573,17.37418191018223,5.94365577324688,9.9941527042498,0.0170265459264013,5.85380762890925e-05,0.002211571825407,2,2
7.48241624103914,7.022970130467677,33.94181334217038,6.7068177678652265,9.614213492858166,0.0187362172930734,0.0013243347455152,0.0086965400893122,2,2
8.96939597795766,16.177190897274144,18.50983254762715,3.65454314506717,5.727864380056492,0.0061030786084598,0.0016815964642554,0.0006860096034981,2,2
7.351279969095242,9.951577599035916,24.6607939511778,7.512701229985837,8.246569576243392,0.019010556549867,0.0010592377484018,0.0039256098103873,2,2
7.665139823753146,2.4624308312089,23.85091029629492,4.035850652946082,7.087585320190055,0.003828201147403,0.0005479936950862,0.0160039211830326,2,2
7.082762793114325,6.210029715668813,15.583395272905287,3.769909571568512,5.530106175455386,0.0107425093789957,0.0008159521861892,0.002353602468235,1,1
7.878765489425744,9.299167211529268,17.11811608807515,4.207381555044375,3.129488044367566,0.0109277616163954,0.0012784351783997,0.0119112983151606,1,1
7.257682536159349,17.795035554080755,26.281480576670354,7.7180262115515665,7.8716425930139104,0.006468320650439,0.0012020319779849,0.0028100032493423,2,2
6.603924135118044,8.93991204308465,33.63109828618962,8.620189551630537,4.377892111957124,0.0058164281280536,6.122739539696024e-05,0.0029642177679666,1,1
8.946944196368172,13.375903034176094,19.946806316381668,7.536090047573237,2.519290052061077,0.0034141164185956,0.001550250223715,0.0048502553596844,2,2
7.881747557261496,5.989663369091134,15.039842704381403,5.985039548384339,7.681329433808036,0.0073943686288466,0.0014322576096006,0.0066106700419169,2,2
8.545346058653255,11.098995238181598,22.952247571057413,8.804596224120928,4.0099827440629365,0.0163110386149157,0.0004183224143805,0.0174688354645987,2,2
6.086667257009112,1.8983818325291943,16.898358736433394,6.148493509325872,9.700608047815972,0.0176605797078168,0.0013843244716494,0.0186649334585276,2,2
5.853660338537264,9.430917300569645,18.71466144010371,5.349561146621474,2.2724519879470617,0.0086106148079009,0.0014989952242999,0.0080763573861178,2,2
7.053125767565999,16.75617425778292,34.91262218997767,5.194660641593781,9.579764508241354,0.0007464832741342,0.0012930658859142,0.0086162321051301,2,2
6.689562373188231,2.724867805314701,23.64037855189012,9.81823946053158,6.5547480440527,0.0143018396339318,0.0005372844524953,0.0057919372040518,2,2
5.645505006676372,15.246165472028448,30.2460524900192,6.794877800337325,9.774138455292114,0.0012589328333234,0.0007868491276334,0.0049472054295503,2,2
8.988438988485418,4.950589588127133,16.84721056222757,8.751035289847433,1.8784903429809243,0.0018850482883954,0.0008548994883,0.0046875177969629,1,0
8.36107397971917,6.654733203385325,23.98077535860252,7.576193328034396,7.727685730718544,0.0026933279630166,0.0006912448240973,0.016309244071993,2,2
8.231839303353517,1.4794072235474884,16.139574539947365,9.038019218354748,3.3719633154710005,0.0037578765006881,0.0002356403201496,0.0132948487910251,1,1
5.681899492780153,10.49702065615012,26.181185698932044,8.041068939561567,7.857009049397356,0.0097568081726181,0.0005566630152862,0.0143191960393273,2,2
6.293297407794459,15.0985820654609,18.70540710766648,9.274021555495938,2.1272610798658715,0.0073839624883556,0.0011646547790762,0.0172940284315775,2,2
6.286116880289937,19.609421422497583,24.61780293206018,5.047930189347199,8.167965053711296,0.0199248674115883,0.0018637733701419,0.0044091464314439,2,2
7.7428921014157215,2.8440409678512366,29.78133951878745,8.28051136837145,9.062341584041752,0.0186054430865987,0.0011128206983431,0.0150089642989572,2,2
5.907282392599166,14.902650433580447,15.499433242340992,7.3681038442632785,1.5059251491389063,0.0031244056312336,0.0017432255237264,0.005418351117497,2,2
7.365352252929673,5.313065449437094,22.490964867591625,5.889389232839064,8.39133478335561,0.0050314676138474,0.0018048130545973,0.0198666929092028,2,2
5.542422711253627,5.568147095235241,21.277561530300545,7.40469418853951,1.963262207899343,0.0061557210772352,0.0002650942648928,0.0054028879676555,2,2
8.557869899652186,1.7143255646967694,20.94581580614668,4.352539697414223,9.395809211139698,0.0081300478495602,0.0018871871226295,0.0128196094512287,2,2
8.7705260938193,3.1214850234583764,24.382144220951574,6.616936659103252,6.1961806109770095,0.0043147831826419,0.0010165603529587,0.0087755858524139,2,2
7.932623301004936,19.496791654418963,16.57878805893111,9.965875616410584,3.733615416025896,0.0088118513982624,0.0018453924732123,0.013984358143365,2,2
8.080749770857299,10.828364616939588,26.92163910476612,8.860244862015389,3.2755366062126035,0.0195042346771828,0.0005722563186882,0.0159432397821009,2,2
6.991634557825906,15.202257120137286,18.207308122394863,2.8438674196882854,9.529175593578517,0.009980656902389,0.0009180704728964,0.0038932037363144,2,2
5.926601326679316,16.76581964151318,17.593579564484706,6.703933035710662,1.93881778616694,0.00508213871846,0.0014055737507558,0.0068159632753173,2,2
7.612070076834822,10.469871512914647,28.18090820264465,7.880201489518587,5.269914227324567,0.0193238270366911,0.0017236159049222,0.0041237250835241,2,2
5.867255624463612,12.21269579769294,31.427767258013887,6.6538931793694935,3.04733443324186,0.0130892896631667,0.0017512673124905,0.014972919677862,2,2
8.73836911095483,8.516364250713778,21.680999313375384,4.078625103522396,2.9057127584717755,0.0150941645483849,0.0017326336223817,0.0155586853799188,2,2
5.963836354596469,7.078238161997307,28.547862597777456,8.204042373751996,2.298160190062932,0.0139132199141271,0.0001963783306888,0.0070699773049965,2,2
8.62934721287697,14.992267375266266,25.384491415604103,7.613906191018057,6.982652844197617,0.0116134222523591,2.8527478617083825e-05,0.0044583744042283,2,2
6.315358161637718,1.8195330570500308,23.45457273787865,4.642277340016675,5.408072811894167,0.0022053507534286,0.0014617476297331,0.0142966949700718,1,1
7.981661916028514,13.341540055566073,19.21013879330686,3.374635682861268,1.9604063719211884,0.0038511470706316,0.0003918276369649,0.0119241163874467,2,2
7.836576849472546,17.464398613129855,31.05621869649001,5.870420318885178,4.682643287126397,0.0185007063306867,0.0009993628886281,0.014245767088261,2,2
8.84433293584227,9.242221579703733,34.50686266958141,2.7313759345371054,8.809318881273152,0.0169256651357271,5.491148057273041e-05,0.0143957274423186,2,2
8.571113019206331,12.49831148886114,15.274911080226904,5.252724298875778,5.338156057992393,0.0197835938502637,0.0001410013882926,0.0052225771890784,2,2
6.717332227657676,11.045478222218115,33.415332169267145,3.076610136832862,2.135037901378695,0.0072971550555813,0.0002738224141941,0.0142188026335398,2,2
7.485592768701162,16.995468073715777,17.938438471675415,3.711957429586509,8.811996327055809,0.019349829415934,0.0011859230247261,0.0161830925103797,2,2
7.070427679178858,7.818933204432236,23.466702883063952,6.511143368443219,9.235886090410268,0.0143224521712317,0.0016168810919472,0.0040337518504655,2,2
5.736643972572752,1.413612216288261,31.51421903121334,8.768993684241853,8.827262963664705,0.0026683959840983,0.0003839281417088,0.0139055636789696,2,2
6.0880497271070215,18.169164541583694,25.760454107278058,7.399145624433238,1.587490818098175,0.0002167080849545,0.0010891769514859,0.0080614044063301,2,2
5.589747230322525,11.683814553383678,34.94475799807205,4.305476207676236,3.0957270118848483,0.009541618278906,0.0002589269305744,0.005972393807592,2,2
6.283361651879181,4.092384365141509,29.281054467562534,2.555152687233467,6.407129344056572,0.0184733918181773,0.0008220005185896,0.0194879803497506,2,2
5.634492221368138,1.4745910588637354,22.99037569173869,2.5454929581237016,6.8705300153660165,0.0071648037961113,0.0009164483734862,0.0032900872106376,2,2
8.299706298806163,3.6213968816141735,16.380151852256326,9.08945417703476,1.9887680236670464,0.0096556519537115,0.0018869597408899,0.0025408823612039,2,2
8.643106921324954,9.798447632197432,22.711951850266665,9.172597267752082,7.909881559429039,0.0145705399138287,0.000486030065188,0.0185043404112636,2,2
7.525363930003377,18.309095477736616,23.49701685736174,6.78850394574208,9.958793616329103,0.0104122940704321,9.39789324767839e-05,0.001460836244864,2,2
6.149339304960924,5.170448313235993,26.13756886344192,4.650817749890536,4.314250966556198,0.0178900638435038,0.0008737572482715,0.0034768342085452,2,2
7.972665042704154,7.107782662105656,31.076290903868934,6.765438593292236,1.243959871026098,0.0062990947503783,0.0012823789786936,0.0166563400618394,2,2
8.98993575055199,18.260018152056347,27.21093510030849,2.456215312028955,2.625917871801729,0.0011193634984458,0.0015913791558717,0.0035743900225397,2,2
5.703573284269165,0.526395701451629,34.80217692173731,6.102997938442142,7.091380392670423,0.0171548776637785,0.0001540290224563,0.0178378274366851,2,2
8.14657165113336,12.837881635597718,30.005315278776845,2.9596235338477586,7.80981894417159,0.0082991530051379,0.0009823238024971,0.0136472828327242,2,2
8.367161007993765,16.26058659517983,26.61398169108569,3.230269644105729,9.48684505664022,0.0117545212750331,0.0013273199805067,0.0131400789602468,2,2
6.895879733139152,2.6306521010376174,27.45261067197316,4.285007908497945,2.635872379850748,0.0161717548043032,0.0018932935201831,0.0147998942199788,2,2
6.299591594659546,12.27401133251306,18.397620121014707,5.518845117710679,1.7827031823033974,0.0108080838160101,0.0018849490544343,0.016159975025586,2,2
6.840984848873241,18.695709961199373,28.891908545065707,8.947276191575472,7.740668357743587,0.0124886851101994,0.0007260515522667,0.010831276612866,2,2
8.934151623095982,1.858002389166912,20.20473195970459,9.898689268636367,6.088743457772842,0.0125542397801492,0.0017747947635432,0.0161499345889567,2,2
7.088263394842738,13.92389786059667,28.33694782611316,2.352526892563051,8.770884200104462,0.0113425568922842,0.0008533782884954,0.0022588161539047,2,2
6.117354452771782,15.087426998875875,20.777698778183314,5.076888607830146,2.4019593452215315,0.0086981389728256,0.0018378578455818,0.0175929295703799,2,2
8.23709830684635,8.938218152384241,26.93821381093312,8.984345176121627,6.630849216473078,0.0137456840996111,0.0006459829582573,0.0145127729434588,2,2
8.825830738372808,1.6125670624494592,20.800910639248738,6.239524695441864,8.341708425635087,0.0097572836178281,0.0006977841361125,0.0182145321835091,2,2
7.975335220096895,19.15177726683986,30.851902325767668,4.370860908106307,2.114614240352357,0.0060585201835818,0.0001236271661059,0.0012374926627646,2,2
8.0810181905252,19.632302769940527,16.344683601811223,9.62722303505676,6.965738088711992,0.0061397277920442,0.0004464475984106,0.0016268698418873,2,2
8.456741298409106,19.911031565730543,28.928596140722146,5.633469301893649,9.189371423437468,0.0148361394722445,0.00106854662533,0.0085290795180097,2,2
6.198398578252008,9.396611924633069,33.16456977400646,6.795689117269733,4.013904611232865,0.0034479079242589,0.0001090641930308,0.0188488328629344,2,2
8.735386683817856,18.76803800964529,28.70887766443803,7.379070746333629,9.57808102954724,0.0171374570776937,0.0019195883737423,0.0161263651362698,2,2
8.521667773501388,8.44789206718943,29.748521715413546,5.352795783336682,6.685501764939256,0.015631375653765,0.0013408189763551,0.0066640453148474,2,2
8.858518255123617,9.664771229079763,18.692649146947385,2.079285563929229,6.675717654847724,0.0167535821023091,0.0005314496589686,0.0049946493283546,2,2
7.9806064421004175,9.425142300606232,34.99115406500877,3.35086770696316,6.226803991500932,0.0171937128877321,0.00118769773625,0.0046678654156472,2,2
6.566376986843142,6.1044871310788045,20.620995003337782,9.091042895681134,1.300812151919534,0.0171890248737386,0.0011599753920674,0.0068473150934596,2,2
8.011592179803618,14.4220763338785,18.928384317440347,7.834478403817649,6.769774932239435,0.0158312207899195,0.0001576106292326,0.0135795704091995,2,2
8.824864143825788,15.554243288044812,33.89472517566159,3.8101794400254896,4.862345427624897,0.00719552253142,0.0014792080658518,0.0099781220671022,2,2
6.229786800250675,3.1637176211978657,31.78360789960597,2.843211019171698,7.329495049592064,0.0067068139721418,0.0012891760798225,0.0142871078017962,2,2
7.532059225973152,18.59763098635797,30.22015846990784,9.46999538401176,1.3583029550117844,0.0121256579544474,0.000327195820695,0.0079698527096668,2,2
6.454184002567368,0.7791479145076696,20.987667474106964,4.451323594808291,8.155103832356232,0.0002810538074874,0.0010053938916903,0.0158533025439892,2,2
7.978602310258486,13.467205617781907,30.785856966393712,7.604891971155613,3.480100986782606,0.0029980100694379,0.0012140917943411,0.0076139528780032,2,2
7.061020205352845,6.002647956517403,32.428280683817086,3.290938867107065,6.375811404976407,0.0030726945609059,0.0012467995491647,0.0025373661767021,2,2
8.915558142185189,18.39097394107381,20.4326636254874,8.891565488170594,9.191765117302268,0.0001284240272756,0.0005019400867403,0.0191777884367458,2,2
7.973720259099061,12.919595190367492,26.53404797715513,3.0155553100397814,8.803541641410526,0.0171533075844008,0.0005073044260574,0.0191582955170897,2,2
7.38088461028273,13.056132944052049,21.43339979319097,3.672474989654768,5.900997921892079,0.0035618777474764,0.0004383854011138,0.0093069604126173,2,2
7.524354209522432,15.619249932861145,27.89490497153637,7.161748606757311,5.300806194218223,0.0055190764039035,0.0019805428438839,0.0110854067995144,2,2
5.92073169379713,17.603266329854684,26.45214465764045,5.7739187001475125,3.645250844544404,0.0097016119045004,0.0002851086756117,0.0053346827712132,2,2
5.891718667892048,3.240782867778035,17.60161339657894,2.033499549023663,3.461270638374818,0.0071093964039078,0.0008989105562718,0.0196226402814989,2,2
8.631858296211847,17.54733923136093,28.13458969443216,9.527041356473635,6.535627786132282,0.0105326689387009,0.0010579239357536,0.0057781548163231,2,2
6.71077247391437,13.734064155115014,20.41885396632731,8.398266915566268,1.127769710245513,0.005545961059937,0.0009153520459155,0.016317670775643,2,2
8.229478461126725,10.009507838114656,29.46887324709824,3.2114585149597064,3.680734585511901,0.0014059591547385,0.0012867435656743,0.0018580944210911,2,2
7.389849955981958,6.312018068469142,19.762933073313924,9.56599761780744,6.154932490182512,0.0151514854893983,0.0009055482366603,0.0166295838943386,2,2
5.5384854003046815,10.586746600611384,17.05031928132949,2.132739845060783,9.468930903169934,0.0068972507019282,0.0015289568748745,0.0032469377770417,2,2
8.778904087636652,16.718092351677583,18.26070673863182,6.3535893000296175,9.081596945665172,0.0040981356597418,0.0012073563511547,0.0129224272933207,2,2
7.013171803649106,2.382422168811096,16.671086750213796,9.183482347549894,2.512180469734107,0.0038885975473109,0.0002718149602123,0.0024035658304354,0,1
7.185328230293925,18.23772297901355,17.307892843578347,2.496294109030252,9.700355260166145,0.0035621502504838,0.0018295374809063,0.0195808663551874,2,2
7.314428076808214,19.898976232336047,34.61136454121447,4.641247602524835,2.9028813219902005,0.0110558514823379,0.0011670355407894,0.0135295229081791,2,2
8.538949481796404,9.35303161332424,15.807016537193997,6.437854426258834,5.734846119263878,0.0188197347356923,0.0011982620738308,0.0079092190690651,2,2
7.042669614283799,11.128024918490295,26.63244585978387,4.042690990105953,4.013101377016112,0.0085114637311827,0.0001646477125995,0.0127315388124015,2,2
8.299493395815603,7.432113703606469,18.63227935513205,4.12742760505695,8.928056444902772,0.0129958033292987,0.0011361183241525,0.0020519688737548,2,2
7.21025116641633,14.928130354955142,28.538815659936745,2.864356475011257,9.789558735835085,0.001899337658054,0.0018686349628401,0.0134494453633967,2,2
7.540645463393923,1.188571421334662,23.331316569645843,4.00935414038721,3.7691118053015367,0.007578842258258,0.0012903057528888,0.0161610952342567,2,2
7.790789249983973,17.518699871539496,29.374792357070604,7.514483296821522,3.054981271317497,0.0075297279045334,0.0018760321846049,0.0062546227735935,2,2
8.80614976815908,1.6241278528809853,26.863164380789364,4.673541713384879,5.903209767484886,0.0013656685839181,0.0013051476214737,0.0027907800280916,1,1
6.335720010189058,4.426593751651501,15.302213684289502,3.007641571034866,5.272921054392861,0.0097810070380752,7.825282359359023e-05,0.0098819509904284,1,2
5.843289032744856,12.802974909468686,25.629098283786107,8.036554889645892,9.46675773311015,0.0033648654064801,0.0007891588282072,0.010701583921444,2,2
8.972553051881594,12.35116638392809,26.023199238327443,8.636501725464399,6.564565189123479,0.017880848430727,0.0007214515235702,0.0113063095714145,2,2
7.389948829005494,16.82230194223733,18.71293409802486,9.964551203925502,8.349897188814612,0.0105874517291725,0.0009573528372806,0.0061189666476593,2,2
8.722967467354904,12.180080909455606,32.41053932538769,6.676344906075665,5.111992645635402,0.0144302155369474,0.00033417628241,0.0183075162553763,2,2
5.6687421360119465,4.425586102537448,29.102782911411268,5.168007731084922,5.553332201317545,0.0012016603570743,0.0007732336797436,0.00542692854234,2,2
7.1093014831926205,7.748916250673441,27.453790818995948,8.016914661575798,9.51143597596922,0.0164925147920547,0.0009000732066326,0.0088185420705606,2,2
6.969045609241428,0.7418787074076384,18.31496353930441,6.665041752796668,4.599847164642117,0.0022055199946446,0.0017912194938049,0.0073229615411242,2,2
8.547637076180408,9.77314773099312,31.74734159540301,9.594184849964936,8.603776768694576,0.0186872565234997,0.0012321960121345,0.0062511571481753,2,2
6.956538993629165,12.637066010536934,15.137559244392984,3.861826791324415,2.4725458372444864,0.0095944853721091,0.0009321481075212,0.0105726569525906,2,2
6.665506695703693,6.667267919721482,22.34781457394141,3.988318567419408,4.791707934700282,0.0021267605763334,0.0004981058168989,0.0050445371657047,1,1
8.942876238421947,17.01768612618604,23.85596273087475,5.482098237252431,1.837156683364075,0.0046916183451203,0.0008575273785229,0.017725319169931,2,2
5.780401962346363,10.394532804997272,29.454755044776093,4.216553997707197,4.022347281773811,0.007299189407259,0.0019340624450838,0.0097967005724123,2,2
6.606546367418627,3.620486261032284,30.287067728728548,2.78739351281095,2.730321266212828,0.0197685742777592,0.0004005062205588,0.0116506610380624,2,2
8.535529703359309,16.650860422525756,24.086908461353104,8.238567072080546,2.181591748043418,0.0189291191904261,0.0012394482572326,0.0054189302601758,2,2
8.65008093189304,10.262173227373149,24.19168114427246,9.975595339293356,6.751970622952357,0.0191079856935148,0.0016231016580377,0.0166501487787885,2,2
7.486392968915453,4.536355279549322,22.788098779577503,6.526804482505973,1.3542569183775657,0.0190388778871716,0.0002211987384249,0.0018828657330521,2,2
8.681613822329744,11.393526730783297,20.39023724584545,5.534669638415637,4.338763413329522,0.0033689819441729,0.0011624683100297,0.015902360110193,2,2
6.310850954842052,7.918190146397466,20.06203078359217,2.359974569883395,2.07289398556516,0.0005208814846533,0.0001807306269499,0.0177427808916146,2,2
8.305379891590464,6.164837860592698,18.812196661489,8.928285400366052,4.4455005529159175,0.0090467087231132,0.001499266746362,0.0171650405314607,2,2
8.517050687954178,0.8768888028932202,26.315631096819928,5.144974385656633,7.830791486686276,0.000420880462807,0.0015384978630531,0.0119169757971431,2,2
8.479987352107836,6.258378812650739,23.76357226496689,7.67511057459509,8.033158798792384,0.0151601055357577,0.0005620792022539,0.0113973969836159,2,2
6.025170326428945,3.118359592594373,24.85639169065649,6.307159834295661,8.872692846909095,0.0158775169009431,0.0013222522612313,0.003705657344404,2,2
8.161014380927472,16.316913513702684,23.04812518598624,5.134487156937373,9.870406605575203,0.0198573594204713,0.0006122542778672,0.00290966356669,2,2
7.477966142562231,1.9056445519741303,27.446865292344924,2.826120071000388,8.048452878313274,0.0195510198656598,0.0006325608097312,0.0037082447616598,2,2
7.775703823393536,6.219517910221011,34.26720640892076,7.189976911160145,9.162869665944193,0.0180751450825543,0.0016831622931588,0.0146098236585796,2,2
5.820537256643219,13.31062554720922,32.30591517817825,5.53685627743776,9.076575864894275,0.0137202636852792,0.0011636768587301,0.0058266125972139,2,2
8.53461023642857,12.903872904986072,19.29825274072792,8.27524378570238,7.5984434032311965,0.0002464208095457,0.0006653493421901,0.0166856373307474,2,2
7.805477214253067,12.909826718576436,17.8064903638703,2.6890571125094427,4.956066475956089,0.0093869948010341,0.0003863860056902,0.0173524967441003,2,2
8.494937638372,8.32913915929512,28.872361149475907,6.250352146807455,1.5016676822869757,0.0117660864257371,0.0018025127232769,0.0103196164508693,2,2
6.072683374170842,0.8511278342088627,18.58506511478561,6.354759101074569,3.935984562828384,0.0080793095010982,0.0005417476920172,0.000808842383425,1,1
7.802458566110626,11.602858543054516,26.986042322788755,3.081738509702838,3.852137239485623,0.0054341390288348,0.0007429079806348,0.0161690646481153,2,2
7.417858211407925,1.7129629102117037,31.61898342110137,9.910724330429304,3.7933380019730807,0.0058082482483792,0.0004009182172933,0.010091581209486,1,1
8.704209041558146,0.9255562371220452,16.367064006199172,4.378297634250612,6.037701952003075,0.0109703272426039,0.0007192454243408,0.0093983555145367,2,2
7.5306032922956625,17.15225835563073,34.467652383296425,7.87686640568428,5.537195577265945,0.0154523195627061,0.0008358455391578,0.0005080006440639,2,2
8.062787102433465,5.366150897065369,27.49748199213997,3.231199237550189,4.060039474539029,0.0123010131574779,0.0015358690291132,0.0184901618956631,2,2
6.062659636169078,9.69009976426421,16.12352154694878,6.857082247068616,2.3316250069846527,0.0051678089412102,0.0014251324158604,0.0078380804306224,1,2
8.163597658757098,14.035936183441704,31.282513711823235,4.615528194693402,5.845267918909205,0.0040340370319783,0.0004289516919968,0.0012863421745585,2,2
8.267531076936372,11.443844371509236,34.413530908194886,4.315516172955904,6.325452720031604,0.0026294987682537,0.0007956664929277,0.0057313823988443,2,2
7.734840816824299,9.640975326557864,32.81711069966293,7.841773742057994,1.5165265931944618,0.0126013112821515,0.0019443864145007,0.0112506891179248,2,2
6.081991790646278,12.905458611810538,20.48143178684382,2.404979778152593,2.677778243685771,0.0154176552241079,0.0014082328571114,0.0034310571384373,2,2
7.3399156380594,12.26800949863087,25.889939182077303,3.78140863298468,5.003671895447868,0.0197614778451018,0.0002662213303624,0.0070754396857945,2,2
8.263944774998677,0.5305195512337216,25.36016132809249,9.86017017804831,2.3906874699146705,0.0082331212891915,0.0014789200021349,0.0181104013874615,2,2
7.517807664299887,2.002636443119457,15.848445964137834,5.345158305302397,8.306260465157976,0.0056975628147053,0.0006269677077847,0.0097695018197769,2,2
6.12312588404413,9.068397299041818,33.368528642908174,5.804769534576066,4.1709434882728535,0.0019618321975554,0.0002510993679093,0.0018111923640147,1,1
6.4034670144539465,8.904211800009277,20.191528985500984,6.528147399102568,1.0817833145609468,0.005008463292211,0.0011266889227459,0.0171245054466913,2,2
5.6283499942674,8.487763450457024,34.97785224066581,3.9667795399472014,9.623243078240463,0.0041498710558045,0.0011490913746758,0.011874991744776,2,2
5.60896929009579,17.119145550628037,16.154643184502344,9.290713520629046,4.696583891419108,0.0035725198793193,0.0010923170631106,0.0120133090106038,2,2
8.378681972720264,7.892333949102755,19.73866649813297,4.386179633872982,2.9054293493317376,0.0062564343853922,0.0009700229671735,0.0123212245233049,1,1
6.589576947046012,13.698015327719215,20.567369633253133,4.150380920241585,5.908851551905418,0.0111369477751017,0.0001784510196334,0.0182363308545254,2,2
6.8894353097599925,4.633884066623832,27.302582810824,3.513566339122839,9.664593254750253,0.0027860718728256,0.0009592139116025,0.0035371566458778,2,2
5.788333659655449,16.673195964747514,18.30568980285915,2.33263167877275,5.001161509624857,0.0031529163595428,0.0011358371400367,0.0114751896256847,2,2
8.831341248981337,19.14041716462873,27.492280962290632,2.775725367723398,3.174411487921867,0.0153602930665736,0.0006261673019056,0.0197242395880132,2,2
8.045091744182077,7.418040190801692,18.12953432007201,8.610726487601493,2.4530291742962893,0.0165078896890185,0.0009837522674754,0.0096212855036728,2,2
7.710460770323822,9.977009629053258,20.281239693874376,6.187210967376066,7.254731198093283,0.0094491059968287,0.001700704348215,0.009340726809281,2,2
6.991291843616301,19.17690111926997,25.03035920700333,9.43046368550308,5.835481063012343,0.0069574722549667,0.0016221787805834,0.0093562656682713,2,2
8.6431900130425,17.00702960446042,33.36478173350874,9.507857265713238,4.083319745300186,0.0172894134970035,0.0015647683883373,0.0062671802750964,2,2
5.610551506889747,16.15042075180635,23.669444655112688,2.644923241356814,8.05151352329118,0.0156801799237256,0.0002667824536899,0.0158713665593311,2,2
8.083117657492297,15.820206552564525,31.14141807733406,2.315134669542555,7.744324929804613,0.0162376103341849,0.0019124003170638,0.0012525354577936,2,2
5.873093885968201,9.434644291388906,29.097420200867635,3.79454847082821,6.969796385536018,0.0192112988149803,0.0018702958604831,0.0139217134693314,2,2
7.276137068162926,2.962162460507803,17.107864362156104,2.759722201827012,2.1731781703893898,0.0197327328665085,0.0009219240963824,0.0138680031009711,2,2
7.716029814579079,1.7871919607347109,26.26816728967708,8.389246242853092,2.2209532044434,0.0088971176410496,0.0014108339673986,0.002365957263131,1,0
7.458741159578762,18.779067296693817,26.60177669338909,4.839181467892432,6.720807897573519,0.0089096046691519,0.0006136949216061,0.0194763218728247,2,2
5.769336205702232,12.3662818175811,20.557055521794247,3.2496120634447943,2.4962979731473056,0.0128201164048602,0.0008970023435967,0.0159904923893106,2,2
6.321247286494088,13.494515564775028,24.72260970429848,9.619094019189795,1.5130214879674058,0.0068261757424669,9.725523646829348e-05,0.0162750661174673,2,2
8.361052466084544,19.182432862327914,34.461563259446656,6.112763540410078,9.692490877464994,0.0089927964844887,0.0004696488279508,0.0030418577544384,2,2
6.6360504046509465,9.522174298775171,26.66381608554196,3.6808575432988144,7.236282063023097,0.0039773257839417,0.000813256922042,0.0145514351777274,2,2
8.757083251253707,13.206975329306893,18.213591694236904,8.71083089523255,8.51012427570487,0.0149143991399673,0.0013886743852735,0.0039608957823247,2,2
8.561455854394698,9.4368625098088,19.106658774136,9.475464310027531,2.7780031511063044,0.0103190055481612,0.0017577224107873,0.0029825816355611,2,2
7.179564671063681,13.193982609443609,16.511672277081338,9.1193070109029,6.023540655013966,0.0169510215372079,0.0018002288538509,0.0098726365520919,2,2
7.060659472318619,17.237662697582856,29.9671170733148,6.330995367259506,4.910778669740458,0.006810528559085,0.000819206688501,0.0016414637015609,2,2
5.752694431427115,2.859987509461265,26.94310611980604,5.065722927578014,9.1863585199985,0.0092681722098306,0.0013119292020911,0.0095210758027077,2,2
6.317992286686516,14.286041505386466,33.54247563728899,9.65033505210689,5.041339843329655,0.0187377473396097,0.0006795362001168,0.0129848928415693,2,2
8.804207688903146,18.175530340216014,21.135531990442825,7.577309537103844,5.818129912554911,0.0195810523815077,0.0005665509745274,0.0129155118299798,2,2
6.915115688365022,13.811035813856346,30.24893917349737,3.0457385887180584,5.221224457460951,0.001078052967869,0.0014640512329414,0.0153745815310782,2,2
6.267248955753155,6.532767998324251,26.67427175462728,5.850223609753896,9.989136422340891,0.0072525341539332,0.0014087042236597,0.0091039785472884,2,2
6.829250230627304,19.62441719987688,18.933071699059173,4.09066414308307,6.123744859709818,0.0045134118894775,0.0004335716712163,0.0038177834334545,2,2
7.66821621103365,11.75694107004606,32.25993662717744,5.905421402486512,6.213820625096148,0.0074995520128717,0.0001544238481089,0.0198886157223406,2,2
5.799803873587507,6.043344812086576,22.443465104937943,5.242602885175627,6.960089424966338,0.0184230533759892,0.0019948716487165,0.0106501504060095,2,2
6.886847066159305,17.21499551147568,29.46895635700002,9.7224217890432,4.301184885816415,0.0099112994906601,6.61007674899721e-05,0.0043715857479299,2,2
8.59325059737199,3.580119045289286,33.29097327697118,6.385161621824176,6.138163483769303,0.0064525834259451,0.0019184581101862,0.0080826041812452,2,2
6.8976057053325786,19.337926350009205,33.414793006852705,4.630580942788875,6.290186044345163,0.0181466448890627,0.0006599775924385,0.0161071016748792,2,2
8.745122368178084,14.404397987369215,16.87553052514033,3.098400261724562,2.658237864154068,0.0128235585308012,0.0013380288144702,0.0061392664633344,2,2
5.979883970051497,12.901116789692706,32.69173776459228,8.419214275610594,7.1801075055171655,0.0082170953119257,0.0013281200012263,0.0024700508065795,2,2
6.9747495079697455,1.513153262308234,27.970096402373763,8.924499065377628,7.634191725609751,0.0048429104914971,0.0002707190911144,0.019330236907945,2,2
6.459193272405221,1.6417431202575945,20.30652275110934,8.058263826204005,4.076641377255323,0.0082814328373616,0.0016258158073576,0.0075885319187007,2,2
8.997948040197333,12.60287935657939,18.58712020578482,7.4036483626914045,3.4011509449044777,0.0162481721891184,0.0007531547363794,0.0199142819351683,2,2
7.590945857596079,8.963377640390569,33.65849725139344,3.870502664744513,8.605356840069783,0.0165262539253977,5.0042226487617336e-05,0.0059380025620888,2,2
6.789842203033164,12.067820617093991,19.68406741852668,4.526185209995968,1.0661774009898428,0.0168785828140919,0.0009521355178521,0.0111864191959681,2,2
